21,107,25,271,0,0,1,0,22,0,8,123,6,5,12,5211,85,14,4,314,0,82,0,771,32,3,42,4,167,1354,0,6
11,106,28,313,0,0,1,0,31,0,6,134,8,4,12,5002,87,15,3,332,1,109,0,875,45,4,44,3,187,1410,1,6
11,109,16,307,0,0,1,0,39,0,3,141,8,6,13,5033,135,26,3,288,1,115,0,1074,44,6,36,3,145,1449,2,7
17,109,19,316,0,0,2,1,39,0,3,145,12,9,7,5344,125,25,3,274,1,104,0,1185,67,8,31,3,161,1398,2,6
18,105,18,355,0,0,2,1,42,0,8,150,9,9,7,5529,122,25,3,268,3,123,4,1304,69,9,32,2,180,1446,2,4
12,93,20,431,0,0,2,1,27,0,8,117,9,8,9,5691,128,26,3,240,4,142,4,1422,73,10,33,5,181,1577,2,4
12,110,28,371,2,2,6,1,26,0,37,88,16,17,18,6411,106,26,1,192,4,157,4,1142,59,13,12,4,123,1667,2,3
21,112,32,390,2,2,5,1,29,0,44,112,22,33,19,6814,116,33,3,161,8,151,5,1282,59,16,19,4,133,1810,2,3
-4,118,30,375,4,6,8,1,21,0,46,111,22,62,19,7799,120,33,3,99,7,162,6,1303,47,17,19,4,122,1900,1,3
0,118,34,402,4,6,9,1,13,2,46,97,22,117,18,8371,106,23,3,117,7,149,7,1316,56,16,45,3,185,1835,5,3
-4,136,48,410,12,8,12,10,24,2,49,108,23,136,22,8762,106,35,4,100,15,190,16,1351,40,20,59,3,178,1981,5,12
0,141,47,409,25,8,13,10,23,27,46,149,25,170,29,9580,126,41,10,93,20,195,16,1512,49,27,78,3,167,2218,5,14
0,137,54,346,25,8,13,11,20,38,46,153,33,202,33,10262,113,39,10,96,22,220,16,1700,51,29,73,0,196,2296,5,14
-2,133,58,317,23,7,10,14,38,38,16,145,28,223,27,10392,114,29,9,85,24,256,16,1861,60,30,148,0,228,2510,5,16
-7,146,67,315,29,11,11,19,35,42,28,126,27,215,32,10637,100,20,7,116,26,280,17,1925,66,30,174,0,194,2556,5,15
24,150,74,282,27,7,16,20,45,46,26,144,35,259,32,10228,93,26,7,152,26,289,17,2095,69,32,197,9,207,2601,5,14
23,177,71,253,35,12,19,20,45,45,26,202,41,207,44,9900,61,25,7,144,34,296,16,2137,76,37,225,9,174,2881,0,13
26,185,57,244,28,11,17,10,34,48,33,195,44,190,53,9985,58,16,6,136,35,298,22,2231,81,38,245,9,189,2952,0,5
25,170,57,223,20,16,17,10,38,30,31,160,71,184,47,9681,51,10,1,152,38,355,20,2230,81,33,255,11,237,2921,0,15
36,198,57,243,20,20,19,9,43,22,37,204,65,200,51,9625,91,10,2,180,37,358,35,2190,100,38,286,23,305,2993,0,17
47,182,58,245,21,22,22,6,22,27,37,205,69,198,54,9144,103,13,3,199,42,342,41,2237,109,32,244,23,296,2960,0,15
43,183,50,254,15,18,22,2,27,23,58,278,66,242,43,9127,117,25,3,209,39,354,39,2049,97,29,213,23,310,2983,0,15
57,205,52,282,15,18,24,1,44,19,58,313,57,203,43,9242,133,24,5,220,43,370,46,1861,133,37,223,33,288,3089,0,16
78,160,67,318,9,18,21,2,48,18,60,276,75,261,31,9474,151,30,5,223,46,428,48,1849,122,32,169,59,353,3084,0,33
78,150,75,344,10,18,25,3,58,17,51,326,72,261,24,9446,167,49,7,254,42,409,35,1929,125,26,155,68,414,3200,1,39
92,190,73,371,5,13,26,5,60,10,62,341,53,251,24,9148,170,54,7,297,42,372,35,1828,128,32,128,84,448,3239,1,32
82,191,76,399,7,10,28,6,91,7,57,356,58,209,17,8912,182,60,6,301,52,418,21,1752,110,33,136,80,389,3341,1,30
83,194,67,464,8,7,25,7,98,2,64,433,63,190,12,9088,173,58,5,386,51,467,15,1786,90,38,107,80,446,3429,2,30
88,231,67,493,9,9,32,16,116,2,24,385,79,139,13,8986,169,47,5,410,49,496,15,1832,107,58,113,80,486,3587,2,33
69,206,58,493,16,10,24,16,117,2,23,389,79,127,14,8884,174,42,3,448,45,514,7,1877,74,56,96,78,534,3659,4,33
55,235,44,520,14,5,24,18,157,2,21,507,71,64,22,9175,196,39,7,469,49,539,7,1943,67,62,117,55,451,3855,6,20
54,248,38,592,15,8,23,18,154,0,30,514,66,63,21,9154,257,29,6,449,44,608,5,2057,52,68,117,58,453,4259,11,15
38,252,49,676,18,9,35,16,158,0,31,644,80,51,28,9371,288,42,8,418,34,768,4,2230,47,71,130,43,403,4566,17,11
45,228,46,699,21,10,31,15,122,1,30,670,81,54,28,9477,244,36,8,440,25,830,3,2433,40,76,105,37,477,4842,32,16
36,243,51,703,20,10,38,15,155,2,26,653,84,47,39,9452,266,66,8,413,22,841,4,2479,38,75,111,37,477,5066,39,21
38,192,52,750,19,9,30,8,172,3,28,702,72,81,43,9208,285,71,26,414,25,909,4,2542,64,76,112,43,470,5204,43,27
38,202,62,772,14,9,41,9,158,17,28,732,86,63,49,9128,322,70,32,441,26,957,4,2815,67,75,102,26,487,5265,41,26
29,217,80,787,14,11,42,11,130,32,29,648,89,63,51,8920,298,90,28,484,16,953,3,2844,78,79,102,25,507,5447,52,37
31,199,76,758,16,12,46,11,125,33,19,665,94,61,49,8790,235,80,27,560,21,1011,3,3118,91,78,90,16,483,5414,46,40
35,166,81,707,13,24,37,12,126,33,7,578,77,56,49,8688,222,67,35,730,26,976,2,3423,83,67,93,13,493,5590,41,51
38,174,81,713,10,22,39,12,130,32,16,550,102,47,49,8498,289,75,35,783,26,1009,3,3564,90,61,92,13,440,5906,29,54
41,167,97,732,18,26,35,11,107,31,13,556,93,47,41,8262,312,47,35,828,30,1127,3,3697,109,68,99,13,385,6308,22,52
34,222,106,778,23,27,45,9,128,30,12,643,92,18,45,8293,291,45,17,865,29,1145,3,4055,66,51,109,8,402,6658,18,48
52,222,98,829,25,26,38,9,139,16,20,595,100,17,39,8182,242,54,17,864,32,1273,3,4019,59,47,108,8,390,7178,26,61
51,220,86,907,25,24,39,8,124,3,19,564,81,24,39,7941,237,37,18,916,30,1337,4,4195,58,36,93,24,378,7713,14,50
47,226,100,1020,20,21,32,8,149,2,22,621,92,38,40,8003,264,38,18,970,29,1410,8,4015,57,47,100,29,379,8395,20,69
43,225,94,1190,20,8,32,14,184,3,23,688,91,50,47,8036,233,38,70,918,28,1507,9,4327,63,49,105,31,387,8838,20,58
65,221,90,1313,25,8,48,15,452,4,10,716,110,70,63,8923,129,39,82,1068,26,1655,7,4475,63,50,123,30,358,9523,28,49
119,275,87,1433,19,4,53,22,462,4,10,744,123,83,86,9051,96,55,83,1140,27,1814,7,4989,68,54,164,41,383,9869,30,50
143,261,75,1543,14,2,58,27,471,22,12,875,163,94,94,9179,111,56,90,1240,28,1957,11,4829,69,71,182,54,343,10612,31,45
131,264,103,1642,16,3,69,34,507,22,8,939,157,96,104,9248,116,49,86,1261,32,1992,14,5420,91,74,208,55,306,11124,23,34
132,225,116,1784,16,10,72,31,508,28,8,1007,188,100,113,9617,140,63,88,1272,37,2036,18,5872,97,93,241,39,284,11436,26,41
148,207,125,1762,19,8,82,32,557,42,5,995,202,100,142,9821,164,60,88,1254,39,2164,14,6417,101,91,284,31,234,11861,25,30
202,229,126,1707,24,8,91,25,519,51,4,1050,201,99,140,9899,200,62,26,1223,47,2301,18,6423,140,53,307,42,195,12763,28,38
170,224,132,1685,20,10,94,36,298,54,26,1127,213,86,129,8985,272,70,32,1230,58,2293,27,7195,154,85,328,46,570,13098,18,50
181,199,162,1735,30,12,105,30,286,62,32,1234,231,96,122,8985,298,57,31,1314,61,2203,36,7272,143,83,333,42,626,13678,19,55
163,194,176,1705,37,15,90,34,242,46,31,1172,223,108,126,8959,305,67,35,1367,78,2245,40,7663,156,94,331,29,607,13483,18,58
173,195,152,1674,36,15,98,28,189,61,27,1297,280,123,162,8851,324,83,33,1590,77,2193,37,7804,172,103,325,30,718,13199,24,71
220,209,149,1546,50,11,116,29,271,62,31,1339,262,166,182,8711,318,91,31,1641,86,2240,37,8387,185,105,343,28,840,13417,37,71
211,225,143,1567,64,12,105,32,216,48,53,1349,239,169,169,8425,273,138,58,1703,100,2148,62,8962,193,112,358,33,865,13462,35,68
197,197,171,1630,65,61,102,48,241,44,55,1404,261,176,210,8387,286,158,61,1929,91,2126,70,9778,155,174,363,20,900,13504,42,84
276,215,168,1724,62,65,87,48,240,50,49,1575,223,201,226,8508,285,165,51,1951,92,2170,68,10400,158,161,359,18,595,13654,56,85
268,213,133,1649,78,71,81,54,269,43,47,1574,264,203,239,8464,303,178,82,1864,117,2274,72,10983,158,167,372,11,764,13934,53,86
308,173,150,1620,86,68,93,57,249,47,45,1557,325,271,273,8422,281,197,71,1838,110,2255,78,11214,158,160,406,15,1072,14293,75,107
376,169,198,1657,87,80,77,62,327,33,47,1643,252,353,265,8591,364,212,74,1847,118,2175,91,11961,149,169,454,13,1109,14495,127,113
377,153,253,1624,80,77,67,68,321,27,67,1730,244,361,266,8618,428,236,100,1915,120,2158,100,12498,172,169,524,13,1215,14627,140,109
453,152,264,1527,82,76,74,67,315,28,46,1872,294,491,342,8826,447,208,82,1941,105,2321,92,13274,180,222,558,14,1364,14660,141,107
495,167,278,1504,116,28,94,56,348,25,59,1706,348,542,366,8703,498,197,110,2055,134,2327,121,13805,258,263,588,15,1488,14207,144,90
436,194,321,1460,132,25,97,57,341,16,50,1565,392,769,385,8605,526,227,112,2084,136,2223,123,14219,268,292,621,14,1617,13802,142,94
604,174,399,1561,115,25,94,64,384,19,61,1504,383,948,444,8400,520,236,103,2453,117,2179,167,15499,325,299,642,21,1637,13242,163,120
772,234,422,1604,104,25,114,64,466,14,93,1693,378,1030,389,8277,548,287,118,2605,105,2185,157,16844,318,343,646,22,1523,12971,167,108
938,239,424,1622,148,12,141,66,452,13,99,1600,432,1091,473,8268,494,307,156,2592,146,2339,171,17653,357,378,709,26,1788,12808,134,84
1330,277,440,1808,186,13,235,69,499,11,85,1562,482,1261,469,8204,554,308,157,2813,144,2311,171,19149,357,425,665,28,1948,12551,137,135
1302,314,468,1957,195,16,353,70,559,11,105,1633,432,1310,373,7973,627,389,159,3127,159,2298,159,19870,389,434,663,27,2047,12237,149,173
1376,326,479,2051,171,24,432,90,516,9,115,1780,382,1609,386,7816,720,416,141,3100,153,2253,119,20882,338,417,689,37,2168,11844,148,199
1624,311,456,2094,198,28,472,99,519,10,121,1759,420,1459,461,7710,849,432,137,3216,153,2274,132,21432,361,431,733,50,2111,11562,183,204
1807,325,398,2034,212,22,486,109,496,13,107,1770,396,1407,420,7773,971,474,122,3085,173,2244,90,21579,353,569,756,50,2156,11247,177,177
1762,280,392,2086,242,23,516,102,433,20,87,1780,330,1641,534,7759,1122,469,119,2961,193,2159,89,21106,347,607,796,57,2238,11041,168,230
1728,319,390,2495,229,24,555,117,580,23,84,1917,330,1607,508,7514,1256,422,124,3010,152,2045,90,20580,339,675,791,54,2031,10727,149,251
1594,286,405,2685,222,29,487,129,601,22,84,1925,292,1530,541,7313,1346,462,107,3047,186,2131,107,19565,338,745,847,66,1894,10372,137,216
2001,285,498,2835,255,50,386,146,593,39,73,1937,335,1727,672,7276,1565,513,111,2994,265,2084,170,19687,299,913,950,63,1923,10076,130,198
2166,304,481,2650,279,45,378,139,774,55,51,2080,330,1847,709,7304,1707,553,138,3010,352,2076,223,19312,272,1115,1010,62,1878,10153,142,252
2387,311,525,2462,285,41,409,166,758,80,47,2174,244,2342,758,7271,1855,569,145,3043,370,2088,230,18923,259,1318,1088,53,1925,9713,101,332
2277,277,575,2321,344,44,425,169,820,78,59,2258,228,2385,844,7275,1919,757,151,2999,421,2082,231,18708,291,1207,1183,71,1767,9762,115,386
2478,303,623,2329,351,50,414,179,819,131,146,2292,218,2523,837,7224,2012,903,142,3197,434,2186,239,18539,321,1579,1231,59,1728,9553,106,324
2587,251,637,1896,371,49,426,167,634,145,144,2213,164,2637,859,7233,2046,995,106,3269,763,2207,253,18551,316,1705,1261,72,1705,9357,164,358
2954,272,582,1633,422,48,425,183,496,191,138,2488,158,2911,942,7249,2260,1042,105,3447,854,2212,265,18346,272,1765,1313,72,1744,9280,200,381
3023,280,573,1486,470,77,482,230,615,196,142,2593,174,3080,1023,6951,2456,1006,139,3759,871,2100,229,18128,304,1842,1310,75,1692,9091,214,397
3166,293,606,1769,572,86,424,258,533,187,199,2626,208,2861,1067,6728,2632,1121,111,4085,921,1961,236,17973,308,1781,1362,80,1739,8635,248,343
3282,273,633,2007,630,122,451,225,843,201,200,3009,388,2775,1125,6985,2794,1158,254,4398,1084,2026,283,18058,271,1759,1347,88,1951,9078,290,334
3575,330,614,2165,780,119,496,229,846,224,218,3096,470,3022,1266,6946,3153,1042,268,4980,1157,2159,340,18093,280,2015,1389,90,2174,8815,302,359
3848,318,604,2240,896,121,521,249,853,212,151,3046,531,3050,1401,6901,3317,964,270,4863,1282,2115,413,18034,358,1725,1317,101,2327,8561,309,420
4167,350,655,2218,1150,153,469,264,997,256,164,3279,666,3885,1566,7109,3884,972,297,4911,1266,2232,431,17770,379,1611,1343,90,2454,8722,276,453
4126,362,710,2272,1155,166,484,270,1079,237,187,3229,751,4089,1657,7116,4196,966,322,5338,1245,2396,443,18366,450,1593,1420,106,2543,8836,256,546
4121,321,644,2313,1166,125,447,290,991,246,206,3247,766,4362,1666,7406,4201,927,361,5449,1336,2519,473,17667,454,1487,1538,103,2590,8828,267,581
4246,304,723,2258,1098,136,505,284,1176,259,190,3406,802,4824,1667,7523,4450,876,363,5609,1364,2663,452,17437,603,1618,1559,118,2746,8961,283,662
4009,316,701,2315,1108,122,488,314,1200,251,223,3231,652,4943,1623,5400,4892,888,280,6037,1344,2881,437,17530,738,1702,1766,110,2728,8996,275,631
3705,279,737,2175,958,142,461,314,1124,237,237,3499,620,5017,1581,5344,4979,812,259,5744,1310,2818,439,17602,696,1715,1707,87,2588,9009,258,597
3382,266,736,2017,881,152,430,294,1174,203,204,3458,746,4777,1471,5172,4962,773,256,6209,1302,2677,408,17778,642,1842,1821,136,2424,8992,304,563
3271,228,746,2064,686,175,496,283,1091,166,207,3402,673,4170,1369,5186,4971,924,256,6405,1076,2615,446,18267,703,2106,1985,174,2533,8985,297,551
3241,244,753,2281,855,200,514,303,1089,173,215,3591,727,4070,1257,5186,5196,976,259,6049,1261,2571,494,17973,665,2244,2001,158,2619,8926,273,470
3264,233,836,2495,1027,205,517,243,1068,188,212,3711,805,3808,1273,5266,5703,1132,252,6184,1318,2507,530,19036,683,2416,2030,169,2641,9073,271,488
3197,198,741,2414,1258,200,444,296,995,213,182,3786,783,3631,1274,5693,6048,1250,349,6051,1264,2539,559,19809,655,2447,2114,168,2481,9324,219,450
3413,228,753,2252,1406,216,405,294,1211,225,221,4083,791,3625,1462,7646,5977,1283,425,5726,1351,2310,583,20153,592,2499,2114,303,2484,8992,211,425
3616,221,718,2182,1402,208,407,342,1212,233,240,4112,803,3629,1371,7627,6104,1282,538,5523,1407,2267,593,19601,567,2502,2169,299,2533,8682,219,430
3694,251,767,2288,1460,205,424,373,1467,258,245,4399,630,3959,1323,7617,6329,1340,654,5627,1457,2259,590,20030,608,2610,2410,299,2647,8603,211,462
3621,277,716,2452,1466,199,350,429,1413,268,232,4551,599,3978,1307,7273,6306,1226,724,5778,1460,2136,575,20126,514,2543,2546,332,2556,8338,194,473
3622,264,706,2245,1286,188,386,413,1507,294,215,4545,510,3830,1358,7995,6574,1280,816,5989,1209,2074,547,20668,536,2666,2765,338,2283,8717,242,520
3676,299,682,2002,1052,213,416,513,1584,314,245,4638,394,3767,1334,8066,6768,1342,878,5933,994,2059,523,20889,544,2799,2948,344,2255,8598,239,540
3697,342,718,1887,811,228,484,522,1564,347,267,4567,380,3943,1306,7880,6818,1333,842,5848,995,1913,516,21142,526,3061,3301,337,2288,8423,260,566
3726,321,754,2022,662,247,561,627,1178,399,240,4651,393,3980,1122,8027,7332,1472,758,6115,889,1816,514,21777,575,3256,3623,226,2390,8224,266,647
3698,378,799,2073,685,342,544,824,1282,425,186,4779,370,4432,1245,8273,7573,1718,929,7076,814,1757,495,22967,702,3621,3986,274,2467,8726,296,683
3537,341,785,2113,641,349,548,932,1127,414,240,4736,430,4279,1335,8709,7718,1825,916,7057,744,1832,523,22594,688,3944,3962,349,2366,9141,247,658
3799,451,773,1890,592,386,668,1123,1151,481,241,4781,493,4066,1405,9264,8420,2025,851,6801,912,2096,545,23559,758,4776,4253,298,2488,9581,347,733
3781,456,709,1836,639,424,634,1275,1165,530,268,5056,567,4283,1541,9032,8655,2117,822,6842,1025,2162,555,23943,839,5087,4431,318,2718,9562,333,748
3914,473,793,1839,681,395,731,1350,1538,638,241,4861,621,4239,1600,9207,9031,2121,764,6735,1266,2306,597,24177,887,5404,4566,382,2946,9870,368,805
4176,473,840,1981,727,475,755,1468,1669,691,251,5016,697,4182,1879,9916,9718,2258,771,6948,1344,2471,653,24130,854,5509,4569,489,3077,10493,402,902
4350,546,797,1999,817,599,693,1644,1659,742,272,4657,737,4259,2116,10323,10061,2317,810,6681,1418,2686,714,25111,908,5801,4806,554,3271,11137,437,924
4461,544,901,2463,910,707,834,1638,1871,794,315,4686,817,4975,2192,10996,10903,2307,634,6850,1492,2768,828,26129,891,6076,5080,609,3561,11826,423,930
4571,652,891,2363,1012,768,838,1604,1703,874,312,4433,821,5739,2269,11605,11429,2308,551,6557,1529,2691,822,28363,1029,5961,5059,577,3748,12260,476,944
4644,634,1165,2966,1125,769,810,1534,1839,920,368,4425,844,6277,2380,11809,11328,2426,603,7887,1419,2647,824,28837,1115,5763,5063,693,3794,12378,458,948
4679,725,1433,3541,1176,954,918,1629,1854,922,355,4166,927,6710,2466,12175,11941,2407,650,8194,1437,2662,846,30351,1084,5729,5231,733,3983,13086,504,969
4497,796,1660,3800,1226,1152,912,1659,1582,916,353,4739,922,6782,2675,13020,12047,2512,624,7986,1383,2709,871,32380,1069,5915,5578,726,4130,13549,517,934
4369,859,2055,4123,1271,1276,1006,1745,1517,923,341,5284,950,6898,2554,13282,12503,2425,629,8758,1394,2764,870,33988,1166,6138,5795,661,4347,13756,545,877
4194,836,2305,4131,1191,1193,1061,1762,1496,905,280,5279,924,6889,2472,13944,12660,2293,699,9500,1360,2846,757,33857,1116,6220,5678,681,4318,14003,579,911
4426,883,2464,4231,1207,1167,1118,1733,1298,895,298,5607,888,5877,2450,14119,12741,2185,709,8842,1427,2908,735,33537,1262,6463,5700,631,4328,13738,631,1039
5175,962,2507,4345,1211,1161,1182,1670,1337,948,332,6229,840,4996,2453,14600,12582,2055,732,9202,1585,3005,761,31951,1192,6426,5841,613,4393,14008,671,1060
5024,1016,2463,4022,1392,1212,1280,1861,1234,955,317,6146,884,4712,2412,14840,12992,1899,732,8721,1608,3139,744,32046,1136,6441,6174,526,4515,14463,656,1114
5531,975,2614,3503,1569,1072,1327,2036,1178,1147,339,6471,736,4413,2365,15230,12853,1927,664,8306,1660,3100,708,31967,1230,6721,6185,546,4519,14064,607,1272
5983,889,2560,3439,1736,1171,1324,2148,1122,1152,350,6182,791,4664,2218,15270,13303,1803,711,9525,1638,3077,645,31011,1353,6702,5942,574,4427,14164,693,1398
6299,884,2386,3074,1763,1025,1216,2100,919,1179,363,5862,699,4677,2229,15362,13105,1819,756,8601,1706,3075,583,29844,1288,6870,5946,710,4384,14048,688,1575
6582,1025,2352,3242,1802,1123,1218,1920,861,1275,410,6032,730,4637,2174,14547,13191,1993,692,8567,1757,2924,648,28993,1485,6890,5858,656,4262,13811,623,1745
6659,1037,2215,3045,1760,1082,1170,1877,780,1409,427,5760,728,4693,2191,14698,13356,2135,680,8540,1630,2943,576,28295,1276,6527,5716,649,4266,13753,642,1786
5911,896,2376,3006,1696,1034,1053,2048,805,1484,413,5250,747,5241,2227,14266,13278,2153,670,9658,1419,2919,532,28296,1171,6571,5782,641,4080,13352,609,1748
5924,863,2535,2930,1476,1106,929,2071,801,1572,429,5551,663,5840,2181,14308,13106,2118,688,8964,1448,2749,540,27538,1229,6259,5421,676,4025,12938,646,1743
5642,826,2501,2895,1320,1113,829,1961,775,1619,430,5133,702,5575,2185,14290,13016,1998,667,9874,1496,2792,536,26336,1098,5950,5163,680,3920,12979,730,1780
5362,865,2450,2930,1212,1022,804,1766,632,1743,438,4816,680,5413,2182,14042,12411,1956,624,9233,1491,2571,531,24908,933,5843,5237,679,3877,12572,698,1689
5072,863,2335,3083,1236,1038,869,1648,644,1905,432,4539,770,5140,2233,13635,11814,1825,539,9401,1382,2441,565,24388,875,5422,4982,571,3799,12210,661,1551
4872,717,2233,2895,1273,1031,948,1770,589,1936,441,4228,740,5120,2162,14382,11464,1774,508,9427,1358,2402,558,24857,689,5224,5082,606,3935,12033,675,1494
4692,692,2270,2703,1251,1188,882,2029,613,1997,419,3746,743,4803,2064,14407,10584,1825,466,9754,1473,2340,544,24399,670,5057,5119,628,3647,11891,634,1417
4734,688,2107,2552,1291,1322,947,2007,559,1988,392,3402,808,4159,1992,14625,10272,1857,528,8180,1581,2275,525,23729,706,4836,4971,651,3528,11792,605,1480
4736,627,1946,2509,1300,1308,1070,1928,511,1988,392,3082,803,3347,1955,14710,9689,1780,469,8732,1600,2225,505,22784,557,4710,4814,645,3413,11676,576,1460
4654,636,1704,2526,1312,1341,1084,1935,509,1815,365,2919,828,3305,1803,15004,9156,1766,450,8293,1570,2196,525,22198,596,4580,4811,595,3334,11646,598,1286
4761,642,1634,2335,1289,1284,1154,2047,553,1619,356,2802,792,3093,1762,15193,8584,1833,437,8357,1475,2351,518,21268,647,4190,4565,544,3241,11579,527,1267
4776,614,1591,2284,1296,1322,1228,2191,548,1385,348,2463,664,2876,1627,15757,8075,1771,427,8351,1449,2335,494,20285,706,4022,4675,519,3036,11586,573,1166
4710,687,1578,2224,1245,1264,1174,2103,572,1233,313,2372,676,2513,1595,15877,7379,1596,418,7661,1434,2206,478,18357,635,3672,4290,507,2671,11547,653,999
4604,647,1443,2239,1248,1081,1164,1846,504,1079,265,2204,650,2351,1499,14806,6917,1307,365,7396,1329,1988,491,17604,644,3483,4113,465,2658,11432,671,911
4772,613,1412,2276,1232,1018,1198,1751,513,932,240,2295,535,2230,1383,14587,6793,1292,307,7834,1228,1979,497,16909,615,3386,4139,374,2628,11273,692,869
4722,572,1280,2186,1195,999,1093,1591,540,752,204,2393,529,2044,1359,14499,6502,1257,371,7230,1198,1932,487,16288,610,3182,4314,399,2560,11334,687,762
5066,533,1223,2117,1124,971,1005,1427,489,634,201,2437,410,1835,1333,14693,6125,1208,367,6741,1041,1831,480,15370,572,2972,4089,402,2471,11073,577,673
5113,462,1164,1957,1041,918,830,1313,509,569,179,2269,338,1571,1193,15164,5933,1061,371,6160,1086,1667,458,14757,488,3352,3982,396,2310,10817,558,587
5069,386,1132,1702,920,877,646,1193,524,526,164,2280,358,1475,1115,15013,5706,1041,368,5956,1050,1651,445,14119,458,3158,3570,370,2270,10802,461,564
5251,257,1051,1645,894,837,559,1154,514,485,152,2196,345,1307,1034,14814,5362,1028,329,5760,930,1646,436,13495,441,3029,3558,330,2175,10631,354,505
5165,203,1021,1519,867,808,496,1114,528,396,149,2228,430,1187,986,15794,5155,1082,338,5405,872,1666,383,12636,434,2868,3272,363,2125,10445,278,451
4943,208,983,1399,788,774,409,1184,532,381,141,2103,457,1080,943,15578,4953,988,322,4640,816,1623,378,12378,418,2759,3032,358,2106,10303,252,428
4778,199,904,1334,752,717,383,1167,519,426,137,1617,428,995,839,15278,4856,927,225,4717,719,1580,349,11944,410,2673,2524,286,1967,9899,240,390
4148,212,888,1246,733,741,370,1273,545,469,125,1374,465,888,782,14641,4547,845,219,4360,766,1579,306,10946,411,2646,2560,270,1997,9309,311,362
3635,228,754,1268,765,725,377,1354,558,555,143,1358,571,826,702,13937,4756,781,216,4270,667,1544,308,10235,427,1975,2354,245,1878,9198,321,366
3304,282,751,1297,798,730,462,1366,504,636,135,1106,556,667,658,13471,7137,753,215,3985,639,1500,280,9512,360,1848,2220,239,1703,8851,352,405
2872,301,755,1213,802,730,528,1346,514,679,148,1148,563,603,647,13059,8722,697,214,3588,607,1447,232,8700,349,1732,2113,225,1684,8590,393,476
2699,351,790,1230,760,738,533,1402,587,755,162,1156,646,537,632,12489,9439,635,219,3159,597,1417,230,7868,349,1647,2114,200,1553,8328,439,496
2558,349,782,1210,760,706,606,1475,559,792,157,1157,968,534,619,12103,9262,600,226,3194,572,1380,220,7536,411,1572,2034,197,1493,8072,461,527
2488,343,762,1432,767,689,626,1460,538,773,158,1135,1059,523,636,11869,9646,539,247,3017,571,1390,214,7344,408,1496,1981,192,1444,8050,420,535
2305,345,740,1420,733,617,657,1397,462,817,157,1101,1111,490,591,11267,9428,547,246,2802,463,1277,196,7405,344,1326,1838,181,1349,7918,338,555
2209,328,754,1405,728,638,720,1376,360,776,129,1076,992,463,603,10611,8888,565,233,2698,486,1227,178,6989,310,1276,1843,202,1431,7473,323,547
2157,290,642,1370,692,618,637,1378,353,735,134,1065,1081,473,572,10258,6364,556,214,2813,451,1125,174,6539,326,1317,1954,202,1486,7046,315,502
1981,260,629,1258,646,607,589,1427,306,711,118,972,1070,446,538,9724,4624,527,226,2921,448,1078,179,6387,303,1266,1842,180,1417,6746,259,415
1873,223,543,1209,646,597,565,1416,185,667,101,834,864,446,538,9346,3705,525,221,3155,446,1033,164,6214,281,1218,1699,180,1390,6321,220,389
1800,221,501,1205,640,584,496,1311,218,600,97,810,534,423,530,8916,3588,500,213,3218,426,1018,160,5961,184,1201,1617,181,1406,5883,173,338
1698,200,479,853,647,594,520,1306,203,608,81,770,463,472,493,8626,2824,532,177,3017,355,946,145,5426,181,1235,1624,178,1383,5657,182,346
1686,174,429,808,650,603,503,1301,205,558,78,774,452,463,480,8371,2743,524,164,3072,374,879,158,4807,181,1310,1624,188,1355,5403,180,347
1695,170,429,689,599,577,481,1270,201,567,77,687,501,455,449,8028,2766,453,149,2828,374,849,153,4684,164,1269,1516,189,1350,5174,155,326
1653,160,419,598,589,577,532,1289,189,562,79,647,464,456,430,7703,2668,432,156,2782,358,815,154,4709,159,1135,1454,167,1334,5030,143,331
1643,174,361,591,606,572,489,1244,170,515,68,603,467,465,435,7438,2531,407,138,2866,350,778,157,4757,156,1159,1380,183,1373,4845,141,345
1570,154,352,779,602,533,520,1209,177,524,71,549,460,468,381,7124,2371,345,128,2894,345,752,164,4863,119,1101,1399,162,1365,4716,132,358
1580,151,332,867,589,539,535,1163,140,516,87,526,468,451,393,7026,2377,373,125,3103,352,748,162,4866,131,1084,1566,181,1386,4717,137,368
1553,153,311,1006,575,524,446,1167,122,507,80,474,452,405,369,6971,2393,328,121,3316,348,725,161,4874,97,967,1484,170,1428,4586,115,417
1539,150,316,948,581,526,442,1091,136,523,79,408,418,378,350,6600,2356,290,133,3355,320,695,161,4838,91,852,1417,143,1351,4388,94,408
1468,143,276,1011,590,524,418,1065,140,510,83,369,435,373,361,6321,2259,289,123,3573,289,631,159,4628,83,805,1506,113,1318,4339,98,400
1433,139,270,1034,588,531,367,1045,162,491,75,371,446,335,350,5968,3907,280,119,3514,273,625,157,4518,57,760,1478,113,1321,4213,77,395
1462,116,273,1010,568,498,394,1005,187,482,76,355,410,290,318,5552,4224,238,134,3221,288,590,140,4109,39,652,1512,98,1235,3953,70,373
1495,130,295,847,602,541,380,986,193,500,101,353,457,251,352,6140,4440,243,138,3180,268,563,127,3864,34,576,1441,94,1196,3970,63,363
1485,133,312,692,613,538,373,994,197,521,83,346,477,273,336,6033,4576,203,134,3037,265,538,120,3899,25,503,1292,80,1174,3874,59,349
1453,158,321,561,624,524,368,979,208,500,98,330,490,254,323,5822,4570,225,156,2608,262,499,117,3771,27,466,1329,78,1227,3715,54,282
1427,165,322,574,646,485,365,931,191,494,94,303,484,254,337,5908,4478,214,150,2625,250,499,110,3593,29,394,1328,76,1256,3627,81,278
1504,160,326,572,637,469,384,890,173,461,94,314,447,235,312,5925,4355,200,143,2383,217,520,100,3625,31,370,1231,75,1254,3560,72,275
1498,163,331,607,622,432,376,828,155,481,89,291,386,632,302,5934,2456,178,131,2159,217,477,91,3432,27,360,1154,71,1282,3542,72,259
1443,171,354,621,624,497,351,834,128,550,86,254,378,644,287,6084,2191,185,118,2339,170,462,96,3507,30,359,1101,74,1317,3700,99,252
1410,163,290,512,564,418,332,762,105,468,46,237,314,626,258,5165,1881,167,125,2002,161,435,104,3294,34,332,1032,77,1312,3467,90,215
1418,150,267,514,572,436,310,698,99,445,41,229,281,596,256,4975,1671,164,129,1991,171,409,103,3262,33,331,975,76,1330,3395,112,230
1341,147,259,505,588,405,310,702,89,468,28,219,284,592,235,4981,1510,146,115,1976,168,420,98,3097,28,286,864,70,1156,3275,111,215
1389,147,246,504,540,471,316,746,83,460,30,255,255,587,229,4783,1586,149,106,2000,173,377,84,3190,77,294,793,73,1202,3314,96,240
1335,173,240,471,556,496,309,827,101,538,22,289,237,573,227,4849,1676,148,141,2045,180,379,82,3395,152,281,833,74,1219,3500,107,278
1444,189,251,469,541,500,328,861,81,567,27,304,236,186,227,5079,1858,225,159,2181,193,398,82,3694,247,288,808,74,1258,3604,118,299
1583,198,260,466,532,474,373,850,85,628,31,315,236,183,284,5446,1892,268,159,2130,212,419,88,4085,326,302,817,93,1344,3702,89,299
1713,210,334,435,543,592,477,873,102,735,41,368,246,196,334,6004,2233,319,151,2258,246,447,81,4556,343,346,925,96,1548,3949,91,317
1782,256,434,451,522,586,503,855,108,811,47,394,229,181,357,6395,2457,350,152,2249,252,491,85,4706,353,360,964,92,1592,4210,76,312
1964,257,472,461,517,598,516,832,111,838,55,451,246,185,433,6793,2723,394,186,2320,264,499,99,5242,444,410,1116,109,1710,4577,82,305
2012,290,525,653,504,553,488,831,100,872,53,425,249,159,445,7066,2718,407,183,2218,278,538,108,5601,483,421,1143,107,1741,4769,68,265
2164,337,502,934,492,587,442,794,92,854,70,424,263,164,502,7289,2719,427,149,2278,268,530,113,5790,490,437,1182,107,1677,4815,60,220
2159,353,503,978,504,641,380,848,99,868,68,403,251,135,545,7332,2719,345,173,2269,299,591,109,5939,488,442,1229,115,1701,4888,54,201
2120,355,513,1075,492,664,307,919,96,816,72,467,223,122,540,7302,2753,315,187,2150,288,611,106,6121,412,431,1308,101,1671,5046,55,225
2100,373,472,1170,478,649,187,1032,93,798,99,459,222,116,518,7107,2678,347,172,2319,273,644,115,6132,450,395,1270,101,1525,5135,55,268
2065,382,388,1169,466,673,172,1102,105,771,104,434,230,136,506,6953,2588,342,187,2320,252,642,120,6126,478,387,1266,118,1529,5009,171,296
2010,378,451,1218,438,659,157,1300,112,714,107,387,208,124,466,6738,2641,290,176,2455,246,613,123,6221,388,345,1116,108,1414,4891,266,334
1954,359,434,1082,438,665,154,1533,131,627,108,383,254,160,449,4221,2750,270,190,2597,242,610,109,6091,294,349,1121,103,1350,4678,299,331
1816,292,474,820,401,584,173,1561,130,567,101,350,287,156,411,3952,2815,257,255,2583,254,620,113,5906,229,325,1027,139,1349,4525,308,365
1727,275,476,775,386,567,181,1522,138,518,103,365,341,155,372,3691,2922,285,219,2700,204,565,126,5812,151,304,978,147,1208,4393,313,397
1738,301,473,696,356,504,217,1470,145,481,96,314,348,157,343,3386,2880,271,210,2893,199,584,180,5505,153,298,871,164,1189,4170,323,423
1738,292,504,666,355,448,237,1378,154,427,65,291,376,155,321,3232,2962,229,235,2929,196,564,178,5346,125,304,879,153,1132,3969,330,435
1695,259,501,662,347,405,213,1322,149,395,57,282,398,147,315,3130,2997,211,222,2898,193,546,165,5282,93,311,928,174,1048,3906,210,399
1636,245,415,598,304,434,228,1096,145,372,46,280,416,552,307,2991,2999,227,253,3032,177,574,152,4935,97,321,917,171,1056,3878,115,417
1668,240,434,527,281,412,324,799,135,376,72,291,380,524,293,5080,3021,226,302,3088,160,540,156,4824,106,286,906,199,990,3871,92,452
1640,250,401,460,261,439,324,714,130,358,60,284,342,513,270,5000,2995,220,262,2976,156,514,150,4571,92,284,837,155,891,3720,92,425
1624,230,403,463,240,399,373,636,127,316,53,299,274,521,282,4841,2805,226,288,2949,157,502,140,4420,93,289,837,169,882,3573,108,394
1585,204,366,554,266,413,386,596,125,295,51,268,286,518,283,4763,2850,239,272,2791,160,436,92,4385,103,286,808,161,848,3444,135,344
1505,203,356,517,247,416,391,553,107,293,49,260,258,519,284,4583,2704,213,325,2591,141,411,90,4401,72,282,733,178,838,3353,146,307
1507,192,353,524,242,430,456,565,121,275,49,250,242,507,271,4516,2746,208,370,2541,134,397,98,4414,76,266,684,166,839,3334,169,345
1457,198,381,566,260,410,487,557,129,280,49,276,176,104,256,4452,2650,184,350,2424,145,377,108,4339,79,252,688,168,818,3212,172,316
1579,186,39,772,-78,295,512,690,413,303,57,-14,205,-170,107,-3494,2010,204,195,2296,0,239,96,4647,-51,774,-85,180,610,2892,181,343
1544,197,50,844,-56,282,563,657,416,318,56,-15,210,-157,118,-3706,2014,203,245,2305,-11,226,100,4832,-47,769,-92,189,685,2750,172,357
1495,247,40,857,-36,267,518,649,437,323,57,-40,229,-159,100,-3718,2126,175,252,2197,-1,180,119,4731,-45,743,-138,180,661,2716,154,387
1466,261,50,819,-64,287,544,678,446,313,57,-36,204,-158,112,-3766,2130,187,251,2128,-3,173,113,4645,-55,725,-142,169,672,2671,115,408
1413,263,65,824,-48,276,573,677,468,280,60,-38,184,-165,117,-3786,2237,202,192,2237,-5,167,111,4645,-36,705,-159,157,685,2640,111,411
1426,294,86,893,-39,261,576,650,449,285,58,-33,167,-170,118,-3800,2287,202,160,2317,-2,162,106,4536,-35,697,-168,137,638,2578,88,409
1419,287,76,838,-56,250,563,658,451,265,55,26,196,-162,135,-3818,2247,232,123,2076,-4,167,92,4542,-29,691,-185,148,641,2609,91,429
1157,300,403,652,273,342,499,468,203,228,26,326,168,96,279,4157,2778,256,263,2037,136,284,100,4071,89,167,504,111,795,2809,91,391
1156,287,410,617,262,333,453,451,201,242,37,348,154,98,274,4214,2714,269,205,1969,143,283,110,3964,105,144,474,113,756,2901,106,381
1105,249,398,590,248,334,475,421,164,277,42,408,150,94,254,4168,2600,267,198,1897,123,296,92,3979,127,148,418,88,751,2837,104,360
1018,235,385,610,241,282,397,386,160,268,40,408,153,88,240,4072,2500,242,199,1804,119,296,90,3730,125,145,402,86,684,2746,119,360
995,217,399,564,225,246,354,365,140,275,39,410,175,92,212,4064,2364,224,225,1833,115,275,86,3678,111,150,431,88,652,2727,114,356
944,219,413,509,205,242,301,372,141,269,52,415,187,96,208,4158,2380,237,235,1642,113,279,90,3643,99,143,398,83,656,2702,108,333
878,220,439,511,213,235,274,342,127,271,52,362,169,86,212,4192,2323,226,250,1820,99,263,85,3649,106,158,404,86,637,2674,103,304
836,224,452,472,221,259,197,344,89,261,45,345,155,95,207,4161,2342,230,273,1676,112,270,86,3656,107,160,384,83,630,2644,96,284
736,217,468,494,219,243,186,315,94,221,43,344,172,87,214,4232,2344,222,323,1735,115,255,69,3590,86,167,457,75,616,2577,80,325
750,246,496,469,208,237,186,294,101,168,40,305,162,83,225,4267,2414,225,328,1775,131,252,64,3588,51,158,501,76,613,2602,81,319
746,240,543,376,228,259,235,258,91,156,42,303,170,81,217,4324,2516,250,362,1861,138,262,59,3678,57,159,490,75,601,2619,77,309
746,248,547,382,231,273,239,245,110,152,51,340,150,74,223,4327,2625,286,345,1646,143,271,57,3637,67,148,425,73,580,2666,76,315
654,270,487,396,258,268,277,267,84,158,39,351,163,-310,204,3515,2696,250,382,1782,169,497,52,3786,32,192,495,91,803,5815,88,345
648,283,467,383,246,300,276,284,93,168,44,351,164,-308,202,3517,2794,242,428,1613,176,486,68,3780,24,184,488,94,809,5861,94,366
641,315,437,485,246,284,277,289,87,172,66,376,165,-304,196,3598,2937,237,411,1874,174,496,65,3817,39,193,526,94,808,5939,90,367
672,328,436,422,244,293,283,328,72,190,61,356,146,-313,181,3549,3121,257,367,1748,169,518,60,4003,45,208,454,90,802,6036,94,353
659,305,412,421,267,296,290,354,77,193,65,347,126,-314,177,3572,3111,260,376,1726,164,506,71,4046,53,216,436,103,810,6128,90,391
640,328,379,505,255,269,273,370,98,194,63,367,145,-315,178,3575,3098,263,379,1729,163,508,84,4177,46,210,468,97,833,6177,88,415
627,336,352,488,261,272,287,368,77,193,64,351,145,-305,209,3651,3139,213,389,1808,167,508,89,4267,46,217,497,99,845,6189,91,428
727,308,398,424,246,294,255,335,103,179,69,350,125,89,238,4340,3004,265,424,1637,164,285,88,4136,88,192,413,78,626,3050,89,418
709,290,407,413,233,244,291,300,104,167,66,385,118,92,234,4274,2988,266,424,1767,164,272,75,4125,86,195,406,62,597,3032,90,412
709,251,410,322,253,243,289,273,110,149,52,359,116,88,237,4154,2868,261,425,1441,177,268,84,4148,80,178,389,78,626,2974,86,441
669,255,431,325,237,241,365,257,135,143,55,359,117,100,268,4096,2799,245,437,1509,190,249,100,3973,91,171,380,87,699,2874,95,471
692,252,449,288,232,232,334,221,135,129,55,389,147,115,294,4016,2656,251,442,1435,180,265,95,3939,118,160,379,82,681,2693,105,448
693,250,452,238,237,232,325,204,132,119,56,371,116,124,310,3991,2576,220,435,1305,190,252,90,3757,117,164,328,84,673,2664,118,440
689,246,459,300,229,209,304,176,142,110,47,361,117,115,287,3865,2424,247,457,1342,185,248,95,3618,127,188,340,94,644,2580,125,438
679,227,433,305,223,199,333,163,141,108,53,356,108,105,275,3826,2359,238,359,1330,160,239,100,3576,121,170,380,98,623,2480,130,425
670,238,395,332,225,190,299,149,140,103,58,288,109,99,315,3826,2201,231,368,1108,165,235,103,3466,126,163,386,104,667,2432,114,393
623,244,405,324,214,166,330,155,154,105,55,284,96,102,326,3652,2115,204,349,1218,143,206,106,3360,120,157,403,91,622,2370,117,351
654,242,362,337,228,150,269,134,141,84,73,268,107,107,326,3572,1986,193,366,1225,125,209,101,3252,110,143,424,92,513,2296,121,301
589,261,375,354,230,130,293,143,127,78,73,255,101,106,340,3481,1968,178,363,1118,134,198,102,3245,80,145,443,94,477,2289,126,306
606,249,367,299,246,132,309,123,121,83,77,253,110,103,335,3345,1912,206,362,1188,125,199,92,3275,94,135,468,99,462,2210,126,290
633,248,346,263,256,128,337,121,115,92,79,228,106,100,341,3293,1934,175,324,1094,119,204,84,3285,77,113,460,83,444,2216,116,287
613,276,387,271,248,124,313,126,111,87,70,226,98,99,367,3246,1926,147,340,1047,116,202,76,3248,76,113,435,90,443,2264,116,304
670,268,397,243,275,123,297,148,104,92,71,207,110,96,337,3115,1961,150,318,1178,124,207,68,3374,64,102,465,90,408,2208,121,347
700,253,429,253,275,122,289,135,83,88,69,184,100,86,336,3049,1828,142,305,989,134,205,55,3115,62,101,403,80,438,2110,137,396
719,237,468,234,276,111,257,131,70,99,43,205,114,78,320,2916,1783,211,264,1001,141,187,52,3236,52,120,385,87,468,2151,145,377
741,252,468,244,282,119,257,126,69,90,41,214,98,84,282,2927,1863,205,228,995,124,209,42,3141,44,123,407,90,472,2161,141,363
700,247,574,236,260,106,267,129,55,90,41,201,120,83,282,2921,1863,173,200,937,131,213,42,3109,30,132,424,89,478,2146,132,422
648,258,676,224,253,104,268,132,60,77,32,196,127,82,282,2925,1851,180,210,839,130,210,43,3077,22,120,425,89,481,2065,142,422
693,251,723,226,252,99,263,121,56,76,39,200,169,93,261,2905,1872,190,199,897,132,213,42,3058,21,124,449,86,481,2033,136,416
648,247,818,232,221,93,278,98,65,61,30,206,157,97,230,2897,1840,184,157,824,106,211,43,2906,27,135,419,75,456,1985,144,384
646,246,811,220,206,91,311,96,79,56,35,285,171,105,230,2966,1919,176,138,1228,96,218,43,3066,42,133,460,81,405,2046,126,339
623,255,892,247,224,86,335,94,86,48,37,288,139,100,208,3035,1885,99,170,1172,85,231,38,3006,84,116,469,68,387,1972,107,356
593,246,968,223,214,86,367,86,90,56,32,263,148,96,214,2956,1757,91,183,1235,94,210,42,2984,126,114,444,54,386,1967,111,359
615,259,982,252,204,93,362,83,100,60,29,274,151,97,214,2941,1820,161,208,1279,88,187,41,2944,135,115,421,49,359,1976,109,325
589,267,1048,259,192,89,336,78,97,56,37,320,147,109,193,2906,1805,186,198,1268,96,190,35,2916,142,127,481,58,348,1991,101,329
553,273,1081,269,192,89,348,84,104,56,28,329,106,96,193,2977,1812,179,186,1358,92,203,39,3003,151,126,484,53,349,1991,99,335
559,286,1257,281,196,84,324,76,93,52,29,365,133,96,207,3018,1961,187,179,1265,102,202,45,3140,155,124,505,47,377,2030,89,347
534,332,1499,324,191,77,315,74,93,53,22,311,124,94,195,3072,2094,173,175,1070,109,214,63,3191,176,130,503,51,390,2092,91,384
548,371,1638,313,166,44,292,80,93,45,0,272,133,101,210,1699,2032,152,119,1226,106,165,63,2783,136,119,506,53,354,1870,90,411
591,400,1891,345,149,32,308,85,102,45,10,257,173,104,216,1883,2256,158,106,1287,104,173,66,2851,106,110,527,58,359,1872,78,443
564,442,2115,372,160,24,342,97,103,30,16,280,176,104,212,1998,2427,92,97,1321,98,189,66,3057,102,103,532,59,381,1859,80,459
578,518,2420,427,167,36,348,115,118,36,8,336,186,88,246,2195,2628,73,73,1463,85,175,82,3228,114,98,510,56,367,1960,104,500
587,570,2783,443,162,34,482,120,134,33,21,354,225,95,237,2289,2830,138,63,1403,85,160,99,3288,141,92,515,56,373,2052,101,507
595,619,2859,491,162,50,556,128,146,33,29,347,208,106,219,2375,3098,131,89,1598,87,143,121,3441,160,89,493,59,363,2115,131,531
628,737,3153,522,165,62,608,143,145,35,25,380,299,108,227,2538,3245,149,101,1497,87,144,117,3771,149,86,517,56,363,2126,163,545
650,879,3583,642,177,101,723,142,169,35,55,541,310,109,228,4184,3747,170,118,1334,107,217,138,4494,148,101,540,51,399,2608,188,607
675,979,3925,723,194,108,733,152,194,33,57,691,301,93,243,4408,4046,217,156,1379,122,209,166,4982,178,101,521,47,438,2777,278,782
737,1238,4588,820,222,119,787,155,219,37,76,740,319,98,234,4776,4246,223,127,1496,122,218,180,5208,242,103,527,40,438,3033,354,793
837,1331,4985,850,245,122,968,155,226,33,89,900,362,115,228,5052,4496,344,147,1688,146,236,182,5763,235,120,477,33,492,3246,441,784
876,1453,5135,1008,268,132,930,173,239,42,92,983,345,109,248,5320,4809,299,151,1755,146,258,176,6057,200,121,496,38,510,3411,484,824
905,1570,5529,1132,297,135,1002,192,295,56,106,1185,455,111,283,5502,4898,355,168,1741,155,279,185,6602,226,138,493,37,507,3592,537,918
1105,1577,5725,1254,319,132,1068,220,346,59,144,1529,429,157,348,5948,5434,390,162,1913,154,310,277,7211,205,148,607,36,582,3849,809,1015
1236,1528,5698,1444,335,135,1059,255,379,81,144,1660,454,174,390,6357,5903,437,168,2478,156,289,292,7905,210,152,632,41,612,4024,1000,1046
1291,1580,5910,1501,351,160,1094,290,394,86,187,1834,443,200,407,6569,6325,505,144,2560,154,300,289,8345,172,160,700,36,629,4204,1051,897
1426,1519,5400,1589,370,179,1182,291,437,103,175,2116,483,219,459,6659,6702,572,198,2993,152,310,313,8982,140,162,808,42,651,4320,1083,986
1427,1686,5336,1761,363,181,1029,358,467,108,213,2218,452,249,500,6789,6937,511,192,2833,151,331,340,9395,143,150,872,51,661,4407,1043,1056
1524,1777,5241,1778,376,187,906,353,502,104,207,2325,481,294,508,6883,7063,619,187,2903,153,341,349,9585,146,159,975,47,641,4543,1163,1053
1638,1995,5228,1704,377,208,928,373,534,101,195,2554,527,297,504,7089,7464,614,182,2934,162,355,329,9617,94,154,990,50,700,4699,1258,1085
1532,2238,5068,1996,410,218,957,375,580,116,213,2566,503,272,459,7043,7597,628,274,3305,176,355,271,9840,118,159,919,50,686,4871,1085,1124
1529,2323,4980,1965,417,235,1006,393,618,112,218,2661,516,272,466,7002,7566,626,282,2910,178,363,251,10163,115,168,901,59,733,4942,1035,1212
1641,2341,4703,2123,464,224,937,463,642,113,193,2845,566,258,506,7141,7913,603,375,3120,194,393,262,10485,120,184,978,69,714,5031,1092,1354
1692,2395,4702,2226,494,233,896,504,651,107,235,3082,587,253,506,7342,8036,697,360,2893,210,387,282,10926,80,204,983,71,715,5178,1215,1370
1884,2384,4435,2466,573,245,1032,565,672,111,213,3190,717,223,488,7652,8400,881,404,3081,227,387,274,11341,104,218,931,70,729,5397,1378,1605
1987,2324,4233,2663,612,265,1181,593,690,125,246,3372,778,197,556,7811,8897,845,415,3462,250,378,292,11858,101,224,916,66,776,5404,1337,1716
2000,2239,3908,2804,654,265,1189,593,715,124,270,3653,759,194,593,7974,9101,975,442,3741,254,393,340,12729,98,219,924,73,794,5498,1252,1846
2120,2139,3648,2918,686,277,1255,612,765,125,254,3941,1023,179,616,8392,9780,1126,452,4013,265,385,387,13540,73,232,988,80,852,5786,1244,2031
2170,2326,3504,3212,814,296,1389,619,823,121,257,4510,1231,169,677,8797,10794,1276,525,4572,257,462,421,14503,115,258,1044,76,835,6038,1193,2051
2376,2389,3274,3555,881,340,1708,628,942,134,317,5034,1369,181,697,9270,11340,1440,462,5079,287,466,455,16000,126,259,985,88,907,6533,1166,2255
2494,2426,3157,3957,957,358,2057,630,1045,133,320,5128,1420,191,726,9791,12402,1663,627,5673,294,504,447,17141,144,275,914,85,990,6893,1079,2341
2574,2336,2937,4328,1093,394,2192,569,1200,159,353,5226,1493,204,766,10393,13397,1891,737,6603,298,541,489,18400,116,275,999,91,1082,7323,962,2200
2802,2291,2953,4685,1246,430,2380,639,1419,184,354,5502,1554,209,797,11092,14449,2222,991,7074,341,577,581,19188,119,297,970,95,1143,7743,1019,2273
3034,2309,2856,5399,1439,461,2624,682,1593,221,417,5304,1647,229,904,12002,15778,2578,1312,7310,373,625,664,20664,228,347,1046,98,1294,8388,1136,2381
3307,2425,2924,5912,1589,568,2893,759,1762,234,451,5153,1527,256,1017,12840,17323,2843,1576,8407,436,676,757,22881,228,422,1156,103,1353,9209,1283,2341
3437,2843,2821,6958,1640,609,2963,811,1925,269,521,5002,1561,298,1150,14208,19004,3340,1840,10082,510,720,869,25043,182,449,1303,109,1539,10017,1384,2529
3585,3185,2813,8137,1778,636,3015,774,2059,290,457,4990,2021,317,1258,15624,20235,3877,2202,10479,522,838,982,26877,198,493,1273,108,1627,10856,1414,2506
3777,3517,2811,8890,1868,698,2965,816,2273,327,508,5117,2410,345,1430,16897,21687,4261,2471,11310,604,957,1226,29402,201,624,1385,117,1742,11761,1518,2683
4095,3861,2761,9701,1943,749,3199,982,2397,376,572,6027,2691,380,1689,18713,22999,5123,2625,12688,655,1066,1394,31564,210,723,1561,116,1946,12958,1684,2793
4386,4182,2658,10308,1945,781,3305,952,2385,381,619,6318,2799,434,1789,20262,24213,5782,2588,12937,736,1100,1530,33726,213,815,1545,129,2051,14307,1738,2745
4600,4400,2520,11093,1873,906,3197,970,2493,380,629,6859,2952,459,2030,21854,24683,6897,2815,13683,849,1220,1720,35893,234,948,1567,135,2234,15697,1802,2774
4592,4501,2301,11399,1920,982,2929,1233,2565,387,684,7204,3194,467,2228,24667,25025,7433,2931,13250,896,1427,1817,37923,258,984,1552,145,2513,16834,1741,2881
5459,4112,2206,11640,2026,1125,3143,1315,2599,422,629,7257,3224,493,2466,27295,24864,8138,3100,14103,978,1591,2059,39377,279,1046,1618,171,2801,18598,1823,2775
5628,4013,2034,11633,2111,1295,3043,1429,2696,469,709,7426,3146,499,2758,29747,25723,8445,2889,16152,1082,1744,2197,41426,312,1170,1980,175,3156,19972,1942,2790
5635,3625,2000,11610,2220,1368,3012,1471,2860,516,720,7659,3107,478,2952,32895,25733,8757,2812,17744,1153,1948,2098,42426,341,1160,2113,216,3388,21363,2197,2734
6092,3474,2185,11122,2182,1672,2748,1608,3341,529,675,7089,2935,483,3070,36049,26067,8615,2666,18635,1284,2231,2176,45329,343,1232,2187,270,3579,23092,2325,2712
6548,3095,2349,10659,2334,1798,2728,1582,3426,599,625,6981,2909,517,3217,38677,25648,8532,2814,19992,1453,2413,2308,45956,395,1342,2514,279,3773,24228,2511,2788
6928,2694,2215,10233,2448,1633,2546,1497,3456,577,676,6613,2621,525,3331,39923,23765,7893,2544,20979,1549,2380,2419,46497,335,1355,2542,293,3956,24869,2488,2573
7958,2556,2272,10167,2475,1990,2658,1426,3640,644,763,6802,2484,570,3547,40132,23141,8173,2614,23801,1717,2481,2521,48296,397,1491,2626,346,4082,25310,2435,2485
7924,2546,2296,9719,2524,2499,2421,1738,3719,721,833,7005,2463,573,3706,43273,23167,8084,2549,23476,1826,2727,2559,49894,443,1612,2791,352,4237,26502,2420,2392
8851,2394,2230,9071,2522,3024,2679,1782,3748,837,899,7054,2479,674,3936,46706,23165,8252,3022,23789,1921,3074,2728,51873,329,1770,3028,380,4663,27997,2388,2226
10176,2389,2092,8708,2588,3660,3074,1980,3541,988,853,7286,2362,809,4140,49684,23367,8364,3443,24237,2080,3232,2784,56155,334,1800,3357,394,4838,30018,2154,2058
10518,2137,1809,9268,2791,4091,3789,1980,3172,1197,964,7694,2567,898,4330,53957,23626,8442,3909,24283,2262,3492,3325,60303,538,2033,3444,411,5261,32552,1951,1988
10999,2452,1575,9391,2982,4503,4607,2230,3135,1319,1032,7389,3366,924,4727,57946,24011,8326,3937,25732,2180,3884,3247,63542,501,2074,3731,455,5493,34811,1734,1962
11900,2561,1745,9495,3396,5334,5782,2657,3413,1676,1147,8034,3719,1102,5080,63226,26556,8653,4341,27628,2337,4710,3424,68300,524,2287,4053,486,5626,37838,1639,2009
11884,2324,1787,9875,3654,5916,6969,2881,3668,2114,1115,8124,4345,1233,5429,68269,29154,8816,4451,26966,2309,5228,3561,70770,475,2387,4584,521,5826,41664,1762,1913
12766,2217,1812,9632,4006,6210,7487,2920,3943,2500,1267,8301,4846,1310,5750,68561,31388,8841,4567,27297,2384,5439,3839,74804,502,2537,4698,559,5930,42755,1673,1947
12999,2170,2048,9732,4374,6626,7527,3453,3837,2940,1272,8263,4850,1335,6381,68815,34130,9445,4582,27568,2549,5712,4059,75761,667,2550,4665,597,5988,44733,1585,1923
13179,2212,2114,9705,4709,6768,6980,3870,3846,3292,1324,8122,4667,1465,7161,69037,35486,10044,4327,27213,2735,6008,4530,74710,771,2770,4847,668,6338,46136,1512,1864
13946,2283,2168,9324,5299,7361,6049,4095,3676,3707,1239,8486,4718,1537,8092,67817,38019,10359,4162,26897,2997,6369,4557,74828,719,2754,5203,776,6540,46833,1754,1829
14096,2232,2263,9295,5427,8326,4911,4473,3563,4024,1362,8884,3985,1633,8631,64831,40125,11395,4250,25967,3288,6484,4760,76438,834,2997,5447,879,6804,46725,1957,1863
14689,2247,2392,9575,5738,8599,3694,4871,3105,4371,1478,8471,4174,1796,9613,62664,43578,11657,4023,25920,3509,6461,4681,75417,899,3200,6018,1129,7295,46424,2207,1821
15405,2349,2553,9170,6086,8921,2231,5341,2727,4468,1520,8294,4450,1917,10395,62153,44419,11734,3883,26027,3789,6569,4699,72281,986,3627,6174,1078,7412,45348,2453,1859
16221,2439,2984,9307,6333,9129,1426,6317,2529,4521,1598,7911,4368,2137,11031,61424,45564,11635,3688,27437,4112,6830,4890,70183,1312,4051,6685,1350,7607,45639,2546,2088
17167,2512,3143,9318,6587,9299,894,6532,2665,4438,1715,7604,4363,2372,11373,61025,45062,11109,3654,27607,4463,7126,5011,71145,1668,4756,7359,1386,8000,44792,2880,2402
18125,2391,3575,9603,7031,9538,665,6813,2542,4700,1774,7702,5041,2540,11509,60506,47247,10799,3454,27847,4552,7671,5154,74148,1865,5202,7978,1568,8403,44031,3341,2971
19281,2607,4144,9613,7098,9311,630,7938,2572,4717,1946,7576,5303,2884,11688,58988,47615,10459,3405,28289,4586,7956,5113,74233,1995,5813,8541,1711,8689,42552,3254,3659
20456,2909,4346,9978,7497,8519,638,9535,2539,4659,2030,7333,5787,3381,11762,59476,48628,9914,3276,28881,4659,8286,5216,73971,2118,6147,8725,1696,8679,42751,3179,3897
20578,2995,4597,9567,7486,8227,601,9791,2649,4832,1789,7359,5970,3587,11326,58795,48668,9402,3294,28556,4744,8688,5435,74398,2358,6658,9167,1656,8776,42291,3156,4590
21246,3075,4787,9398,7597,7906,601,10331,2516,4790,1812,7452,5650,3996,11231,56518,49661,9178,3127,31364,4900,9128,5717,77363,2564,7006,9756,1770,9275,41495,2987,5496
21361,3378,4549,9323,7754,7604,1396,10332,2343,4828,1712,7686,5516,4220,10844,55676,50662,9032,2988,32213,4954,9569,5472,77309,2654,7223,10372,1641,9763,41953,3054,6659
22044,3526,4553,9201,7981,7344,2062,10897,2188,4915,1635,8051,5781,4369,10560,54072,52237,8927,2765,31358,4959,10144,5649,76127,2725,7540,10712,1642,9934,42040,3013,7624
22489,3910,4439,9400,7987,7495,2630,11588,2297,4613,1695,7731,5751,4788,10329,51128,52786,8288,2808,32302,4922,10377,5696,73327,3181,7983,11135,1606,10252,41774,2902,8305
22288,3804,4294,9838,8084,7637,2969,11662,2238,4496,1667,7021,5572,5158,10011,48158,53575,8115,3093,33325,5039,10546,5683,70826,3523,8159,11608,1501,10721,41269,2893,8913
21958,3278,4342,9327,8067,7534,3697,10764,2242,4588,1588,7107,5464,5195,9665,44617,52707,7583,2974,33930,4976,10406,5553,67429,3798,8380,11841,1533,11305,39114,2806,10070
21838,3552,4304,9471,8326,7855,4731,11498,2274,4227,1689,6975,5567,5392,9479,41424,52356,7506,3234,42353,5086,10245,5761,66061,4074,8798,11945,1513,11446,36972,2800,10284
21800,3580,4200,9752,8637,8013,5639,11269,2292,4090,1757,6848,5571,5520,9010,38696,52785,6834,3837,40334,5141,10510,5929,64681,4792,9089,12069,1469,11877,35882,2873,10041
21528,3330,4575,9900,8998,8169,5897,10905,2246,4016,1676,7010,5661,5745,8884,35503,52484,6553,4750,39076,5324,10473,6569,66660,5198,9566,12475,1376,12743,33296,2825,9843
21810,3390,4609,9737,9326,8070,5987,10839,2252,3904,1653,6988,5478,6187,8372,32192,51684,5970,4557,40348,5521,10175,6261,66816,5318,9464,13240,1548,13862,31220,2765,9878
22269,3269,4714,9409,9621,7368,6597,10197,2162,3880,1718,7290,5186,6637,8273,30222,50901,5667,4475,41000,5831,10077,6598,66759,5204,9620,13619,1793,14376,29181,2699,9650
22566,3349,4670,8585,9718,6634,7317,9774,2109,3810,1807,7562,5377,7161,7909,28353,48000,5079,4031,39015,5611,9817,6746,68254,5066,9817,13881,1991,14367,27124,2681,9099
21797,3374,4892,8763,9881,6464,7875,9207,2088,3441,1777,7501,5559,8121,7854,27137,47471,4895,4041,38258,5650,9612,7109,69810,5042,10204,14902,2055,14917,25918,3148,8776
22926,3486,5213,8261,10110,5902,9085,9258,1971,3403,1750,7457,4898,8170,7776,25692,44879,4330,3448,29233,5375,9402,6701,68660,5106,10532,15292,2359,15615,24967,3175,8753
24106,3549,5571,7727,10205,5203,10844,9262,1874,3336,1539,7130,4830,8549,7890,24648,41328,4121,2693,28333,5284,9434,6512,68272,4989,10479,15859,2684,15789,23644,3209,9015
24979,3644,5752,7257,10129,4630,11767,9483,1831,3151,1643,6819,5034,9194,7926,23502,38453,3940,1747,32775,5120,9529,5906,66117,4826,11071,15944,2878,15842,22303,3333,8392
25059,3836,6102,7305,9881,4352,12409,8977,1773,2965,1709,6318,5010,9842,7859,22654,35767,3827,1712,30924,4761,9597,5834,65096,5046,11816,15467,3099,15970,20720,3383,7625
24725,3788,5872,7482,9755,4376,12745,9649,1773,2752,1526,6113,5113,10389,7567,20867,32770,3905,1699,29729,4476,9761,5149,65514,5070,12764,15570,3197,16136,19290,3515,7119
24150,3674,6162,7324,9670,4161,12720,10004,1867,2804,1387,5841,4797,10964,7393,19633,30966,3743,1660,29964,4464,9918,4668,61225,5501,13167,15709,3362,16317,17887,3816,7203
25961,3686,6133,6970,9695,3840,12453,10506,1908,3058,1306,5804,4582,10709,7068,18791,28161,3346,1564,28518,4418,9788,4540,58192,5622,13077,15495,3475,15464,17015,3506,6513
25343,3596,6310,6901,9415,3453,11475,9938,1979,3037,1172,5855,4688,11337,6462,17954,26105,3161,1471,27175,4608,9661,4526,57929,5467,12414,15061,3247,15199,15943,3711,6050
23847,3902,6907,6865,9211,3147,10261,9570,2099,3231,1201,6143,4182,11957,5761,16176,24269,3090,1350,25762,4618,9439,4534,58381,5401,12668,14680,3440,14541,14949,3628,5588
22779,3903,6575,6697,8794,2836,10054,9068,2167,3108,1042,5845,3802,11976,5209,15100,21604,2734,1254,19680,4411,9025,4302,57578,5549,12004,14417,3700,13773,14162,3322,5468
22013,3727,6648,6382,8582,2193,9700,8934,2192,2890,980,5838,4113,11837,4881,13720,19239,2374,1195,19338,4378,8199,4260,54735,5615,11324,14472,3603,13072,13489,3424,5416
21258,3968,7091,5524,8309,1664,8923,8140,2103,2679,974,5226,3728,11518,4424,13060,16462,1988,1027,17057,4278,7145,4013,49720,5817,10241,13733,3395,13015,12691,3421,5422
21009,4111,7161,5378,7948,1344,8507,7032,2043,2193,894,5068,3460,10555,3879,12200,14320,1862,941,16111,4293,6324,3948,47561,5805,9898,13115,3248,13954,12084,3639,5024
19047,4205,6868,5473,7761,1189,7897,6242,1896,1839,844,4812,3204,10411,3618,11650,12734,1730,885,15685,4382,6259,3390,45872,5477,10202,11703,2959,15413,12060,3678,5033
18027,4194,6821,5113,7807,1118,7220,5279,1907,1540,843,4485,2962,10417,3410,10894,11636,1603,853,15879,4267,5739,3097,41912,5272,10880,11393,2847,15652,11328,3256,5108
18891,4293,6598,4969,7499,909,6695,4909,1951,1084,852,4101,3228,9683,3420,10119,10436,1413,826,15511,4039,4505,2660,36866,4942,10853,12033,2417,16472,10231,3231,4890
18675,4359,7329,4777,7459,857,5994,4535,1914,922,977,3940,3195,9247,3198,9600,9339,1284,799,14330,4216,3927,2530,31673,4430,10895,11756,2118,16453,9372,3587,4746
17759,4320,7255,4870,7068,857,5795,4172,1826,911,927,3666,2537,8992,3160,9355,8189,1172,727,13123,5418,3826,2278,29578,4006,10898,11498,1984,15892,8495,3379,4465
16608,4255,7324,4735,6731,780,5346,3554,1939,894,893,3743,2470,8889,2930,9188,7754,1069,646,12656,5427,3748,2168,27647,3580,11034,11634,2047,14912,7820,3137,4365
15577,4221,7175,4530,6804,768,5446,3257,1844,800,840,3242,2543,9525,2857,9080,7650,948,559,11439,5352,3620,2056,25483,3571,11169,11980,2242,13374,7354,2573,4520
15761,4445,7303,4141,6544,742,6104,3029,1858,820,839,2894,2422,9399,2638,8897,7179,892,486,10603,5014,3330,2161,24467,3848,10666,13647,2620,11514,6629,2398,5062
15658,4247,6866,4044,6025,732,7362,2896,1600,704,804,2718,2572,9355,2469,8965,6464,928,424,9744,4721,3405,2305,23458,4127,10080,14599,2756,10358,6486,2428,4763
14166,3620,6220,3808,5769,849,7432,2551,1254,636,738,2432,2253,10419,2117,8988,5751,830,401,8902,4504,3803,2168,21945,4222,9726,14057,3093,9100,6516,2393,4470
13264,3333,5254,3604,5387,744,6845,2245,1023,587,563,2088,1871,11229,1916,8813,5064,755,349,8345,4232,3773,2048,20519,4268,9548,14898,3309,8403,6324,2215,4235
12170,3038,4940,3185,5360,788,6465,1912,896,487,468,1873,1710,12019,1592,8322,4459,744,316,7751,2767,3665,1802,18961,4286,9297,15506,3422,7655,6175,2163,4274
11728,2669,4397,3077,5089,841,6688,1645,642,449,434,1603,1675,12661,1485,8077,3801,636,281,7190,2524,3602,1773,17811,4449,9099,15892,3499,7143,6013,1977,4106
11086,2332,3979,2811,4624,891,6604,1585,562,490,416,1550,1456,12636,1348,7712,3127,591,246,6910,2224,3709,1636,16941,4187,8604,15739,3512,6370,5780,1821,3623
9885,1943,3709,2628,4278,925,5453,1438,535,389,388,1565,1225,13265,1247,7329,2947,556,243,8005,2271,3720,1404,16006,4162,8262,14982,3645,6015,5446,1714,2591
8896,1805,3396,2432,3885,883,3846,1329,501,344,374,1409,1031,13145,1149,7130,2727,444,234,6894,2211,3701,1052,14814,4061,7857,14295,3821,5580,5354,1676,2323
7659,1782,3075,2074,3562,770,2826,1207,513,329,353,1287,888,12378,1056,6701,2297,415,205,6306,2226,3365,858,13657,4134,7735,13700,3819,5257,4985,1463,2236
7286,1617,2897,1888,3290,817,2381,1161,512,325,348,1350,865,12034,989,6428,2040,363,181,5839,2049,3350,668,13167,4231,7251,12602,3927,4882,4883,1223,2084
6798,1464,2504,1602,2875,759,1863,1136,463,361,303,1203,775,11529,890,6472,1877,340,146,5758,1921,3228,617,12129,4366,7051,11741,4193,4541,4717,980,1862
6206,1321,2390,1491,2604,654,1329,1163,454,316,300,1140,618,10817,797,6297,1687,318,128,5251,2127,3277,482,11436,4356,6675,10912,4262,4129,4620,870,1583
5787,1314,2209,1473,2269,558,694,953,413,262,274,1175,535,10589,719,6021,1583,324,133,4918,2128,3079,332,10608,4475,6552,10205,4233,3846,4458,802,1408
5439,1219,2101,1450,1930,490,718,847,361,219,235,1203,535,10149,672,6085,1775,291,117,3130,1928,2942,320,10497,4466,6386,9644,4205,3731,4384,674,1308
4977,1018,1984,1329,1682,404,483,834,329,209,208,1124,491,10146,618,5937,1736,233,113,3109,1805,2833,318,10299,4611,6403,8944,4315,3548,4229,558,1444
4655,872,1791,1274,1456,303,486,807,289,169,161,1069,431,10160,538,5799,1570,221,97,2844,1670,2902,289,9847,4436,6233,8328,4297,3439,4091,512,1322
4305,756,1591,1181,1299,195,483,720,302,142,122,983,448,10064,477,5469,1471,217,85,3769,1514,2694,279,9366,4534,6434,7713,4292,3245,3842,448,1209
4297,695,1448,1136,1269,132,512,689,300,97,141,937,439,10282,460,5222,1365,209,84,3417,1427,2668,265,9302,4648,6892,6891,4030,3155,3603,477,1024
4182,660,1186,1019,1201,124,547,622,318,91,102,839,468,10347,438,5108,1250,199,84,3211,1045,2464,245,9144,4515,6905,6333,4002,3189,3389,479,898
4134,580,1010,909,1134,104,564,607,298,98,98,789,432,10395,384,5017,1110,163,99,3456,916,2362,224,9026,4358,6783,6008,3937,3096,3221,433,776
4092,590,903,829,1137,108,550,575,333,97,107,664,405,10128,442,4817,642,238,92,3434,866,2428,208,8964,4467,6866,5455,3853,3080,3059,435,728
4193,649,801,846,1206,122,1150,527,309,95,125,488,377,9796,-654,4296,-53,208,60,3691,824,2757,236,8823,4533,7416,5579,3805,3298,1385,403,533
4149,648,697,850,1241,140,1154,469,296,85,120,426,379,9475,-671,4332,-9,217,70,3843,792,2594,263,8641,4599,7356,5649,3731,3121,1407,381,496
4010,664,680,827,1304,160,1109,426,253,72,126,369,345,9344,-692,4337,-1,227,77,2555,756,2658,253,8446,4506,7173,5580,3599,3207,1389,395,404
3906,619,599,857,1228,149,1112,361,235,62,101,331,326,8718,-717,4374,-39,201,68,2562,781,2533,247,8653,4230,6823,5550,3613,3122,1424,301,312
3897,583,562,942,1237,139,1108,357,218,62,96,312,296,8228,-752,4301,-28,209,61,2514,813,2329,262,8522,4100,6770,5615,3488,2951,1192,232,302
3849,565,548,946,1284,130,1119,326,211,49,87,219,304,7734,-754,4353,-63,222,23,2192,788,2535,261,8413,4241,6613,5520,3253,2872,1345,218,259
3666,502,519,945,1256,116,1099,310,169,48,81,216,309,7522,-843,4341,-58,164,22,2122,803,2488,237,8175,4030,6375,5358,3249,2753,1389,210,214
3505,358,541,910,1198,94,505,260,158,40,57,282,295,7719,235,4748,495,244,46,1787,737,2039,193,8114,3774,5756,5156,3096,2469,3053,201,112
3471,343,520,893,1176,74,463,216,133,38,60,284,273,8197,219,4791,422,220,37,1541,750,2086,173,8119,3751,5715,5038,3161,2542,3035,174,104
3275,272,459,963,1102,59,455,188,117,39,57,247,256,8611,220,4904,369,206,30,1579,754,2025,186,8298,3732,5735,5096,3070,2353,3011,155,120
3058,243,435,934,1121,51,476,150,120,38,58,235,238,9510,230,372,365,201,28,1607,685,1975,195,7852,3714,5655,5209,3042,2317,6521,156,128
2786,231,407,796,1085,39,492,117,189,34,56,207,301,10481,261,344,296,186,25,1740,620,2046,191,7648,3777,5820,5292,2964,2375,6746,154,129
2619,210,357,810,1060,35,509,93,172,29,55,193,297,10984,266,336,276,160,22,1766,584,1748,200,7775,3599,6314,5493,3143,2442,6717,150,130
2581,206,325,734,1060,31,537,85,172,31,50,176,278,11369,268,429,266,134,24,1841,528,1712,235,7856,3516,6528,5535,3015,2463,6762,127,119
2528,184,261,691,1086,33,570,90,165,30,50,178,274,11510,261,417,253,68,23,1809,523,1675,222,7689,3527,6604,5529,2862,2488,6754,106,100
2491,151,269,684,1106,34,620,88,167,32,48,167,258,11831,260,259,225,53,19,1686,433,1578,220,7972,3453,6685,5502,2654,2491,6814,101,93
2501,137,248,693,1053,26,598,88,176,36,43,161,233,11563,259,142,212,40,16,1649,390,1494,213,7810,3430,6747,5600,2633,2700,6838,110,87
2563,109,248,660,986,20,507,88,161,36,41,145,232,11243,227,4589,220,38,11,1519,329,1408,190,7932,3334,6696,5591,2527,2647,3404,103,71
2618,86,243,708,956,18,430,93,65,39,36,139,146,10956,196,4512,247,43,13,1404,305,1337,170,8626,3375,6603,5572,2463,2604,3491,104,61
2670,76,252,699,981,16,358,87,102,34,34,138,125,11281,188,4326,249,44,13,1332,294,1273,174,8610,3209,6688,5407,2295,2590,3413,98,61
2772,70,271,827,957,15,317,85,101,31,26,131,113,11560,188,4201,234,42,8,1222,306,1195,139,8557,3067,6663,5570,2216,2601,3468,110,75
2845,72,270,854,918,12,227,84,101,30,25,125,113,11957,177,4100,232,51,10,1184,306,1145,129,8551,2919,6862,5754,2100,2727,3481,112,75
2921,69,235,906,927,7,157,86,110,26,22,122,108,11399,163,4056,227,56,11,1201,330,1085,123,8621,2821,6814,6098,2074,2711,3618,104,66
2915,63,231,859,973,9,146,90,92,23,22,117,103,11460,156,3159,211,56,13,1203,332,1771,118,8725,2715,7162,6106,1964,2506,3700,104,53
3004,70,220,900,1014,8,140,81,88,19,20,126,81,11263,207,3082,173,63,15,1152,358,1803,116,8709,2687,7204,6402,1924,2661,3701,100,50
2982,67,206,867,1085,7,140,80,84,13,25,113,72,11091,203,3014,154,53,75,1092,342,1784,109,8019,2634,7309,6322,1835,2677,3631,92,52
2981,62,206,849,1096,5,137,90,51,14,18,104,71,10709,190,3019,141,52,284,1109,386,1770,85,7848,2672,7116,6313,1757,2616,3696,91,47
0,0,0,0,0,5,0,0,0,0,0,0,0,0,0,0,0,0,0,0,0,0,0,0,0,0,0,0,0,0,0,0
